"net.c","V2","V5","V7"
0.0382531299570482,0.0613813112005661,0.0076893016222211,0.0210153870982832
0.0960735830658429,0.184731611165995,0.00536921103401213,0.0210153870982832
0.230987973653031,0.444923650155571,0.0172655595849102,0.0210153870982832
0.327355395501022,0.645367887599393,0.0432724301113909,0.0210153870982832
0.462269786088209,0.917124017210728,0.055721901702313,0.0210153870982832
