"net.c","V2","V5","V7"
0.192441004913834,0.375539106425017,0.00418674940553583,0.0233915665519448
0.34662887987062,0.681987507901629,0.0494341199688404,0.0210153870982832
0.365902364240218,0.724389173514745,0.0437011425014334,0.0210153870982832
0.442996301718611,0.870867654723692,0.00513383952310811,0.0210153870982832
0.308081911131423,0.601038873549317,0.0206296909474499,0.0210153870982832
