"net.c","V2","V5","V7"
0.271150642018629,0.523444650550642,0.0873374176666541,0.0351005210735203
0.110963969934811,0.211080639987197,0.0849619948492427,0.0431098546777112
