"net.c","V2","V5","V7"
0.0709173019138562,0.118973303539002,0.00741142703920438,0.0351005210735203
0.110963969934811,0.211080639987197,0.0849619948492427,0.0431098546777112
0.19105730597672,0.37527197887311,0.00259071606744549,0.0351005210735203
0.231103973997674,0.435341980904542,0.0105903016718934,0.0397034229033734
0.311197310039583,0.599533319790455,0.00817994618601396,0.0351005210735203
0.391290646081492,0.771733992280559,0.000133783663577596,0.040037774136547
0.471383982123401,0.915901997155996,0.0273090862356782,0.0351005210735203
0.511430650144356,1,0.0398080020937833,0.0351005210735203
0.0709173019138562,0.118973303539002,0.00741142703920438,0.0351005210735203
