"net.c","V2","V5","V7"
0.110963969934811,0.771733992280559,0.000133783663577596,0.040037774136547
0.110963969934811,0.915901997155996,0.0273090862356782,0.0351005210735203
