"net.c","V2","V5","V7"
0.250261458022629,0.485397967331727,0.0232809828731114,0.0210153870982832
0.269534942392227,0.525872284507884,0.0246078897458365,0.0210153870982832
0.365902364240218,0.724389173514745,0.0437011425014334,0.0210153870982832
0.500816754827406,1,0.00779017512689425,0.0210153870982832
0.442996301718611,0.870867654723692,0.00513383952310811,0.0210153870982832
