"net.c","V2","V5","V7"
0.0382531299570482,0.0613813112005661,0.0076893016222211,0.0210153870982832
0.134620551805039,0.256043503333508,0.0461557310958733,0.0210153870982832
0.230987973653031,0.444923650155571,0.0172655595849102,0.0210153870982832
0.269534942392227,0.525872284507884,0.0246078897458365,0.0210153870982832
0.0960735830658429,0.178949565855115,0.0494341199688404,0.0210153870982832
