"","RegrMeth","Split.No","CVtype","NoModelFeats","ModelFeats","adjR2.tr","RMSE.tr","R2.tr","RMSEsd.tr","R2sd.tr","adjR2.ts","RMSE.ts","R2.ts","corP.ts","adjR2.both","RMSE.both","R2.both"
"1","GLM.AIC",2,"LOOCV",3,"V2+V5+V7",0.999802864797152,0.00220922524455953,0.999785001053155,0,0,0.99874586048551,0.00151088427694911,0.999919250376414,0.999959624373111,0.999824935042791,0.00179028851094198,0.99985257687814
"2","GLM.AIC",2,"repeatedcv",3,"V2+V5+V7",0.999802864797152,0.00203079674630425,1,0.00109222431809316,0,0.99874586048551,0.00151088427694911,0.999919250376414,0.999959624373111,0.999824935042791,0.00179028851094198,0.99985257687814
"3","GLM.AIC",1,"LOOCV",3,"V2+V5+V7",0.999847010573297,0.00206056328744763,0.999821099368627,0,0,0.997323195103646,0.0021246946356528,0.999693038829014,0.999846507634554,0.99982206836819,0.00180488690694227,0.999850162836371
"4","GLM.AIC",1,"repeatedcv",3,"V2+V5+V7",0.999847010573297,0.0017637875709294,1,0.00115163143645414,0,0.997323195103646,0.0021246946356528,0.999693038829014,0.999846507634554,0.99982206836819,0.00180488690694227,0.999850162836371
