"","RegrMeth","CVtype","adjR2.tr.Avg","RMSE.tr.Avg","R2.tr.Avg","RMSEsd.tr.Avg","R2sd.tr.Avg","adjR2.ts.Avg","RMSE.ts.Avg","R2.ts.Avg","corP.ts.Avg","adjR2.both.Avg","RMSE.both.Avg","R2.both.Avg"
"1","glmStepAIC","repeatedcv",0.726331920905107,0.00685111641371117,0.724546604098441,0.00131389257922191,0.0891008182165438,0.69871264589874,0.00682008920994892,0.73155280965657,0.854685994968082,0.725790987492801,0.00668606435330888,0.732306845215744
"2","pls","repeatedcv",0.727478849437023,0.00682059453962545,0.727171955826285,0.00130735121113859,0.0881538339926929,0.69793981585729,0.00682934725731026,0.730823087801289,0.85427251149284,0.726460677760035,0.0066778948342911,0.732960622050886
"3","lm","repeatedcv",0.727478849437023,0.00682059453962583,0.72717195582625,0.00130735121113877,0.0881538339927084,0.697939815856664,0.00682934725731733,0.730823087800873,0.85427251149259,0.726460677759885,0.00667789483429293,0.73296062205074
