"","RegrMeth","Split.No","CVtype","NoModelFeats","ModelFeats","adjR2.tr","RMSE.tr","R2.tr","RMSEsd.tr","R2sd.tr","adjR2.ts","RMSE.ts","R2.ts","corP.ts","adjR2.both","RMSE.both","R2.both"
"1","glmStepAIC",2,"LOOCV",3,"V2+V5+V7",0.999211610800603,0.00909559444173896,0.996974678597317,0,0,1.00051050495645,0.00255924204816293,1,1,0.999280590178572,0.00337047167371395,0.999496413125001
"2","glmStepAIC",2,"repeatedcv",3,"V2+V5+V7",0.999211610800603,0.00651954634516343,NA,0.0063778777009419,NA,1.00051050495645,0.00255924204816293,1,1,0.999280590178572,0.00337047167371395,0.999496413125001
"3","lm",2,"LOOCV",3,"V2+V5+V7",0.999329793298335,0.0120728737073158,0.994935061276487,0,0,1.00024578921189,0.00177579483952867,1,1,0.999416232717826,0.00303614407025865,0.999591362902478
"4","lm",2,"repeatedcv",3,"V2+V5+V7",0.999329793298335,0.00748089830872594,NA,0.00952886779193333,NA,1.00024578921189,0.00177579483952867,1,1,0.999416232717826,0.00303614407025865,0.999591362902478
"5","glmStepAIC",1,"LOOCV",3,"V2+V5+V7",0.999217652273435,0.00476486486378096,0.998806307158697,0,0,Inf,0.00597111222341917,NA,NA,0.999109925960082,0.00374900109743482,0.999376948172057
"6","glmStepAIC",1,"repeatedcv",3,"V2+V5+V7",0.999217652273435,0.00366162831301524,NA,0.00306608371893981,NA,Inf,0.00597111222341917,NA,NA,0.999109925960082,0.00374900109743482,0.999376948172057
"7","lm",1,"LOOCV",3,"V2+V5+V7",0.999240073486393,0.00570414758013758,0.99833189700928,0,0,Inf,0.00531792285037462,NA,NA,0.999208573232601,0.00353515017582949,0.99944600126282
"8","lm",1,"repeatedcv",3,"V2+V5+V7",0.999240073486393,0.00417731805557482,NA,0.00390599972538677,NA,Inf,0.00531792285037462,NA,NA,0.999208573232601,0.00353515017582949,0.99944600126282
