"","RegrMeth","CVtype","adjR2.tr.Avg","RMSE.tr.Avg","R2.tr.Avg","RMSEsd.tr.Avg","R2sd.tr.Avg","adjR2.ts.Avg","RMSE.ts.Avg","R2.ts.Avg","corP.ts.Avg","adjR2.both.Avg","RMSE.both.Avg","R2.both.Avg"
"1","nnet","repeatedcv",0.999340906624208,0,0.00404994551838486,1,0.00224702665541542,0.999814257771996,0.00111372456940241,0.99997657692645,0.999988288391047,0.999576304019364,0.00286214564681901,0.999636832016597
"2","lasso.RMSE","repeatedcv",0.999288354797964,0.00379141372404945,1,0.00166685202664912,0,0.999662050365313,0.00153505941095813,0.999930624491794,0.999965311643476,0.999531011336174,0.00301134899341018,0.99959800971672
"3","lm","repeatedcv",0.999288354797964,0.00379141372404944,1,0.00166685202664911,0,0.999662050365313,0.00153505941095811,0.999930624491794,0.999965311643476,0.999531011336174,0.00301134899341017,0.99959800971672
"4","pls","repeatedcv",0.999261678656146,0.00370955591656906,1,0.00149324659696302,0,0.999068544310316,0.00240178948127502,0.999842100353831,0.99992104613484,0.999466665036752,0.00320527227572416,0.999542855745787
"5","glmStepAIC","repeatedcv",0.999225488708074,0.00398862799155336,1,0.00149060059798925,0,0.998724307023175,0.00297680412341158,0.999745933159752,0.999872958446461,0.999415593577907,0.00336148211251153,0.999499080209635
"6","svmRadial.RMSE","repeatedcv",0.992805373834704,1,0.130611758489165,NA,0.063639179242659,0.970782633808579,0.0142675757109798,0.999946304223178,0.999973151750829,0.993144433605358,0.0115124631075885,0.994123800233164
"7","rbfDDA","repeatedcv",-67.0586856654108,0.563602185113468,1,0.384503282976455,0,-238.529390189879,1.29018498692026,0.257407645722818,-0.502921791668714,-61.2572409455102,1.07764364901115,-52.3633493818659
