"","RegrMeth","CVtype","adjR2.tr.Avg","RMSE.tr.Avg","R2.tr.Avg","RMSEsd.tr.Avg","R2sd.tr.Avg","adjR2.ts.Avg","RMSE.ts.Avg","R2.ts.Avg","corP.ts.Avg","adjR2.both.Avg","RMSE.both.Avg","R2.both.Avg"
"1","glmStepAIC","repeatedcv",0.726331920905107,0.00685111641371117,0.724546604098441,0.00131389257922191,0.0891008182165438,0.698712645898742,0.0068200892099489,0.73155280965657,0.854685994968082,0.725790987492801,0.00668606435330888,0.732306845215745
"2","lm","repeatedcv",0.727478849437023,0.00682059453962583,0.72717195582625,0.00130735121113877,0.0881538339927085,0.697939815856666,0.00682934725731731,0.730823087800873,0.85427251149259,0.726460677759886,0.00667789483429292,0.73296062205074
