"","RegrMeth","CVtype","adjR2.tr.Avg","RMSE.tr.Avg","R2.tr.Avg","RMSEsd.tr.Avg","R2sd.tr.Avg","adjR2.ts.Avg","RMSE.ts.Avg","R2.ts.Avg","corP.ts.Avg","adjR2.both.Avg","RMSE.both.Avg","R2.both.Avg"
"1","glmStepAIC","repeatedcv",0.999214631537019,0.00509058732908933,NA,0.00472198070994085,NA,Inf,0.00426517713579105,NA,NA,0.999195258069327,0.00355973638557439,0.999436680648529
"2","lm","repeatedcv",0.999284933392364,0.00582910818215038,NA,0.00671743375866005,NA,Inf,0.00354685884495164,NA,NA,0.999312402975213,0.00328564712304407,0.999518682082649
