"","RegrMeth","Split.No","CVtype","NoModelFeats","ModelFeats","adjR2.tr","RMSE.tr","R2.tr","RMSEsd.tr","R2sd.tr","adjR2.ts","RMSE.ts","R2.ts","corP.ts","adjR2.both","RMSE.both","R2.both"
"1","rbfDDA",2,"LOOCV",3,"V2+V5+V7",-7.91712532113807,0.332768291013076,0,0,0,-15.7216646622054,0.174460868795898,0.560395724572281,-0.748595835262447,-5.92443207201762,0.356053691862296,-4.83110069222537
"2","rbfDDA",2,"repeatedcv",3,"V2+V5+V7",-7.91712532113807,0.309967167729446,0,0,0,-15.7216646622054,0.174460868795898,0.560395724572281,-0.748595835262447,-5.92443207201762,0.356053691862296,-4.83110069222537
"3","rbfDDA",1,"LOOCV",3,"V2+V5+V7",-6.17438146461244,0.274723093114356,0,0,0,-68.0475283105252,0.341241805232579,0.713656387665198,-0.844781858035078,-6.04337029394526,0.359098568858373,-4.93125919490127
"4","rbfDDA",1,"repeatedcv",3,"V2+V5+V7",-6.17438146461244,0.235771023038963,0,0,0,-68.0475283105252,0.341241805232579,0.713656387665198,-0.844781858035078,-6.04337029394526,0.359098568858373,-4.93125919490127
